{"loss":1.0021636486053467,"_timestamp":1.7283384368082392e+09,"_runtime":62.754097,"_wandb":{"runtime":63},"_step":9}