{"loss":0.8098579049110413,"_timestamp":1.728338281111153e+09,"_runtime":125.805065,"_step":7499,"_wandb":{"runtime":147}}